Jugador,Anio_t,Anios_contrato_t,Valor_contrato_t,Valor_promedio_contrato_t,Juegos_t,Juegos_iniciados_t,Inning_pitched_t,Bateos_pitcher_t,Carreras_t,Carreras_ganadas_t,Walks_t,Strike_outs_t,Wins_t,Losses_t,Saves_t,WHIP_t,ERA_t,Equipo_t,ln_Sueldo_base_t,ln_Sueldo_t,ln_Sueldo_regular_t,Dominio_t,Control_t,Comando_t,Juegos_2_t,Juegos_iniciados_2_t,Inning_pitched_2_t,Bateos_pitcher_2_t,Carreras_2_t,Carreras_ganadas_2_t,Walks_2_t,Strike_outs_2_t,Wins_2_t,Losses_2_t,Saves_2_t,WHIP_2_t,ERA_2_t,Control_2_t,Comando_2_t,Anio_t_1,Anios_contrato_t_1,Valor_contrato_t_1,Valor_promedio_contrato_t_1,Juegos_t_1,Juegos_iniciados_t_1,Inning_pitched_t_1,Bateos_pitcher_t_1,Carreras_t_1,Carreras_ganadas_t_1,Walks_t_1,Strike_outs_t_1,Wins_t_1,Losses_t_1,Saves_t_1,WHIP_t_1,ERA_t_1,Equipo_t_1,Dominio_t_1,Control_t_1,Comando_t_1,Juegos_2_t_1,Juegos_iniciados_2_t_1,Inning_pitched_2_t_1,Bateos_pitcher_2_t_1,Carreras_2_t_1,Carreras_ganadas_2_t_1,Walks_2_t_1,Strike_outs_2_t_1,Wins_2_t_1,Losses_2_t_1,Saves_2_t_1,WHIP_2_t_1,ERA_2_t_1,Control_2_t_1,Comando_2_t_1
Edwin Jackson,3,4,52000000,13000000,31,31,175.3,197,110,97,59,135,8,18,0,1.46,4.98,CHC,16.213405830762646,16.38045991542581,16.38045991542581,0.0855675984027381,0.0373962096723077,2.288135593220339,961,961,30730.090000000004,38809,12100,9409,3481,18225,64,324,0,2.1316,24.800400000000003,0.0013984764978552,5.235564492961793,2,1,11000000,11000000,34,31,189.7,173,90,85,58,168,10,11,0,1.22,4.03,WSH,0.0984009840098401,0.0339717682891114,2.896551724137931,1156,961,35986.09,29929,8100,7225,3364,28224,100,121,0,1.4884,16.240900000000003,0.001154081040689,8.390011890606422
Hiroki Kuroda,3,1,15000000,15000000,32,32,201.3,191,79,74,43,150,11,13,0,1.16,3.31,NYY,16.523560759066484,16.523560759066484,16.523560759066484,0.0827951647623778,0.0237346138985483,3.488372093023256,1024,1024,40521.69,36481,6241,5476,1849,22500,121,169,0,1.3456,10.9561,0.0005633318969131,12.16873985938345,2,0,0,0,33,33,219.7,205,86,81,51,167,16,11,0,1.16,3.32,NYY,0.0844586051686643,0.0257927476862388,3.2745098039215685,1089,1089,48268.09,42025,7396,6561,2601,27889,256,121,0,1.3456,11.0224,0.0006652658332059,10.72241445597847
