Jugador,Anio_t,Anios_contrato_t,Valor_contrato_t,Valor_promedio_contrato_t,Juegos_t,Porcetnaje_juegos_t,At_bats_t,Bateos_t,Home_runs_t,RBI_t,Porcentaje_bateo_t,OPS_t,ln_Sueldo_base_t,ln_Sueldo_t,ln_Sueldo_regular_t,Juegos_2_t,Porcetnaje_juegos_2_t,At_bats_2_t,Bateos_2_t,Home_runs_2_t,RBI_2_t,Porcentaje_bateo_2_t,OPS_2_t,Anio_t_1,Anios_contrato_t_1,Valor_contrato_t_1,Valor_promedio_contrato_t_1,Juegos_t_1,Porcetnaje_juegos_t_1,At_bats_t_1,Bateos_t_1,Home_runs_t_1,RBI_t_1,Porcentaje_bateo_t_1,OPS_t_1,Juegos_2_t_1,Porcetnaje_juegos_2_t_1,At_bats_2_t_1,Bateos_2_t_1,Home_runs_2_t_1,RBI_2_t_1,Porcentaje_bateo_2_t_1,OPS_2_t_1
Mitch Moreland,8,2,13000000,6500000,125,0.772,404,99,15,68,0.245,0.758,15.687312734865866,15.687312734865866,15.687312734865866,15625,0.5959840000000001,163216,9801,225,4624,0.0600249999999999,0.574564,7,1,5500000,5500000,149,0.92,508,125,22,79,0.246,0.769,22201,0.8464,258064,15625,484,6241,0.060516,0.591361
Carlos Gomez,8,1,4000000,4000000,118,0.728,360,75,9,32,0.208,0.634,15.201804919084164,15.29711509888849,15.29711509888849,13924,0.529984,129600,5625,81,1024,0.043264,0.401956,7,1,11500000,11500000,105,0.648,368,94,17,51,0.255,0.804,11025,0.419904,135424,8836,289,2601,0.065025,0.6464160000000001
Chase Utley,8,2,2000000,1000000,87,0.534,164,35,1,14,0.213,0.61,13.815510557964274,13.815510557964274,13.815510557964274,7569,0.285156,26896,1225,1,196,0.045369,0.3721,7,1,2000000,2000000,127,0.784,309,73,8,34,0.236,0.728,16129,0.6146560000000001,95481,5329,64,1156,0.0556959999999999,0.529984
Jose Bautista,8,1,545000,545000,122,0.753,325,66,13,48,0.203,0.727,13.208541073645382,13.208541073645382,11.509118226627274,14884,0.567009,105625,4356,169,2304,0.041209,0.5285289999999999,7,1,18500000,18500000,157,0.969,587,120,23,65,0.204,0.677,24649,0.938961,344569,14400,529,4225,0.0416159999999999,0.458329
