Jugador,Anio_t,Anios_contrato_t,Valor_contrato_t,Valor_promedio_contrato_t,Juegos_t,Juegos_iniciados_t,Inning_pitched_t,Bateos_pitcher_t,Carreras_t,Carreras_ganadas_t,Walks_t,Strike_outs_t,Wins_t,Losses_t,Saves_t,WHIP_t,ERA_t,Equipo_t,ln_Sueldo_base_t,ln_Sueldo_t,ln_Sueldo_regular_t,Dominio_t,Control_t,Comando_t,Juegos_2_t,Juegos_iniciados_2_t,Inning_pitched_2_t,Bateos_pitcher_2_t,Carreras_2_t,Carreras_ganadas_2_t,Walks_2_t,Strike_outs_2_t,Wins_2_t,Losses_2_t,Saves_2_t,WHIP_2_t,ERA_2_t,Control_2_t,Comando_2_t,Anio_t_1,Anios_contrato_t_1,Valor_contrato_t_1,Valor_promedio_contrato_t_1,Juegos_t_1,Juegos_iniciados_t_1,Inning_pitched_t_1,Bateos_pitcher_t_1,Carreras_t_1,Carreras_ganadas_t_1,Walks_t_1,Strike_outs_t_1,Wins_t_1,Losses_t_1,Saves_t_1,WHIP_t_1,ERA_t_1,Equipo_t_1,Dominio_t_1,Control_t_1,Comando_t_1,Juegos_2_t_1,Juegos_iniciados_2_t_1,Inning_pitched_2_t_1,Bateos_pitcher_2_t_1,Carreras_2_t_1,Carreras_ganadas_2_t_1,Walks_2_t_1,Strike_outs_2_t_1,Wins_2_t_1,Losses_2_t_1,Saves_2_t_1,WHIP_2_t_1,ERA_2_t_1,Control_2_t_1,Comando_2_t_1
Andrew Cashner,8,2,16000000,8000000,30,28,153.0,177,97,90,65,99,5,16,0,1.58,5.29,BAL,15.424948470398375,16.06680235657077,16.06680235657077,0.0718954248366013,0.0472040668119099,1.523076923076923,900,784,23409.0,31329,9409,8100,4225,9801,25,256,0,2.4964000000000004,27.9841,0.0022282239235832,2.3197633136094677,7,1,10000000,10000000,28,28,166.7,156,75,63,64,86,11,11,0,1.32,3.4,TEX,0.0573218689595414,0.0426581350396587,1.34375,784,784,27788.89,24336,5625,3969,4096,7396,121,121,0,1.7424000000000002,11.56,0.0018197164850617,1.8056640625
Jhoulys Chacin,8,2,15500000,7750000,36,35,192.7,153,83,75,71,156,15,8,0,1.16,3.5,MIL,15.89495209964411,15.984564258333798,15.984564258333798,0.0899498356685694,0.040938707259413,2.197183098591549,1296,1225,37133.28999999999,23409,6889,5625,5041,24336,225,64,0,1.3456,12.25,0.0016759777520719,4.827613568736362,7,1,1750000,1750000,34,32,180.3,157,82,78,72,153,13,10,0,1.27,3.89,SD,0.0942872989462007,0.0443704936217415,2.125,1156,1024,32508.090000000004,24649,6724,6084,5184,23409,169,100,0,1.6129,15.1321,0.001968740704237,4.515625
