Jugador,Anio_t,Anios_contrato_t,Valor_contrato_t,Valor_promedio_contrato_t,Juegos_t,Juegos_iniciados_t,Inning_pitched_t,Bateos_pitcher_t,Carreras_t,Carreras_ganadas_t,Walks_t,Strike_outs_t,Wins_t,Losses_t,Saves_t,WHIP_t,ERA_t,Equipo_t,ln_Sueldo_base_t,ln_Sueldo_t,ln_Sueldo_regular_t,Dominio_t,Control_t,Comando_t,Juegos_2_t,Juegos_iniciados_2_t,Inning_pitched_2_t,Bateos_pitcher_2_t,Carreras_2_t,Carreras_ganadas_2_t,Walks_2_t,Strike_outs_2_t,Wins_2_t,Losses_2_t,Saves_2_t,WHIP_2_t,ERA_2_t,Control_2_t,Comando_2_t,Anio_t_1,Anios_contrato_t_1,Valor_contrato_t_1,Valor_promedio_contrato_t_1,Juegos_t_1,Juegos_iniciados_t_1,Inning_pitched_t_1,Bateos_pitcher_t_1,Carreras_t_1,Carreras_ganadas_t_1,Walks_t_1,Strike_outs_t_1,Wins_t_1,Losses_t_1,Saves_t_1,WHIP_t_1,ERA_t_1,Equipo_t_1,Dominio_t_1,Control_t_1,Comando_t_1,Juegos_2_t_1,Juegos_iniciados_2_t_1,Inning_pitched_2_t_1,Bateos_pitcher_2_t_1,Carreras_2_t_1,Carreras_ganadas_2_t_1,Walks_2_t_1,Strike_outs_2_t_1,Wins_2_t_1,Losses_2_t_1,Saves_2_t_1,WHIP_2_t_1,ERA_2_t_1,Control_2_t_1,Comando_2_t_1
Jesse Chavez,9,2,8000000,4000000,48,9,78.0,82,48,42,22,72,3,5,1,1.33,4.85,TEX,15.201804919084164,15.201804919084164,15.201804919084164,0.1025641025641025,0.0313390313390313,3.272727272727273,2304,81,6084.0,6724,2304,1764,484,5184,9,25,1,1.7689,23.5225,0.0009821348852687,10.710743801652894,8,1,1500000,1500000,63,0,95.3,84,28,27,17,92,5,3,5,1.06,2.55,CHC,0.1072636119855427,0.0198204500408068,5.411764705882353,3969,0,9082.09,7056,784,729,289,8464,25,9,25,1.1236000000000002,6.5025,0.0003928502398201,29.287197231833915
Sergio Romo,9,1,2500000,2500000,65,0,60.3,50,27,23,17,60,2,1,20,1.11,3.43,MIN,14.73180128983843,14.73180128983843,13.680452285966785,0.1105583195135434,0.0313248571955039,3.5294117647058822,4225,0,3636.09,2500,729,529,289,3600,4,1,400,1.2321000000000002,11.7649,0.0009812466783187,12.45674740484429,8,1,2500000,2500000,73,5,67.3,65,31,31,20,75,3,4,25,1.26,4.14,TB,0.1238236750866765,0.0330196466897804,3.75,5329,25,4529.29,4225,961,961,400,5625,9,16,625,1.5876,17.139599999999998,0.0010902970675179,14.0625
